Ticker,Company,Market,Price at Analysis,Category,Verdict,Stars,Moat,Quality,Val,Mgmt,AI Overlay,AI Score,Phase,Flywheel,Conditions Met,Horizon,Base IV,MoS Entry Zone,Thesis,Report File,Last Analysis Date
AAVAS,Aavas Financiers Ltd,NSE,1475,C,WATCH★★★,3,B+,B,B-,B-,⚪ NEUTRAL,67,2,Forming,0,3-5yr,"₹1,371","₹1,050–₹1,200",Best-in-class affordable HFC with proprietary informal-income underwriting; post-correction inflection with Q4FY26 rebound — price above MoS entry zone,AAVAS_qv_report.html,2026-05-13
ABB,ABB India Limited,NSE,7234,C,WATCH★★★,3,B+,A-,C+,B+,🟢 WIDENER,52,3,Feature,0,7-10yr,"~₹3,850","₹4,200–4,800",India capex supercycle beneficiary; ROIC 76%+; 77× P/E with −5.6% ERP; wait for 20–25% correction,ABB_qv_report.html,2026-04-09
ACC,ACC Limited,NSE,1346,C,WATCH★★★,,,,,,⚪ NEUTRAL,,,,,,,"₹1,250–1,320 (fundamental) | Merger arb: track Ambuja × 3.28",,,2026-04-07
ACMESOLAR,ACME Solar Holdings,NSE,338.5,D,WATCH★★★,3,B-,C-,C+,B+,⚪ NEUTRAL,28,1,Cosmetic,0,5-7yr,₹272,₹200-215,"FDRE pioneer: 5,093 MW UC commissions by FY28 will triple EBITDA; zero promoter pledges; 25-yr sovereign PPAs at 40% sector discount.",ACMESOLAR_qv_report.html,2026-06-01
ACUTAAS,Acutaas Chemicals Ltd.,NSE,3252,C,WATCH,4,B+,B,C+,B+,🟢 WIDENER,35,1,Cosmetic,0,7-10yr,2830,2100-2280,Acutaas Chemicals (formerly Ami Organics) is a niche pharmaceutical intermediates manufacturer executing a CDMO + EV battery + semiconductor chemicals pivot. Trading at 64x P/E with no margin of safety; wait for a 20-25% correction.,ACUTAAS_qv_report.html,2026-05-23
ADANIGREEN,Adani Green Energy Ltd,NSE,1506,B,WATCH★★★,3,B+,C+,C+,D+,⚪ NEUTRAL,35,3,Feature,0,7-10yr,₹975 (risk-adj ₹829),₹800–850,"India's largest RE IPP — world's best asset (19.3GW→50GW), governance cloud from US DOJ indictment. Buy at ₹800–850 on DOJ resolution + 15% correction.",ADANIGREEN_qv_report.html,2026-04-08
ADANIPORTS,Adani Ports & Special Economic Zone,NSE,1836.8,B,WATCH★★★★,4,B+,B-,C+,B-,⚪ NEUTRAL,42,2,Forming,0,7-10yr,"₹1,549","₹1,200–1,350","28% India port share; geographic monopoly; 1BT 2030 vision; base IV ₹1,549 — near full value at CMP",ADANIPORTS_qv_report.html,2026-04-19
ADANIPOWER,Adani Power Limited,NSE,231.7,C,WATCH★★★,3,B,B+,C+,B,⚪ NEUTRAL,45,1,Cosmetic,2,5-7yr,₹176 (blended base),₹130-145 (Strong Buy) | ₹155-165 (Starter),India's largest private thermal power producer; 17→30.7 GW by FY30; power demand supercycle + AI data center tailwind; wait for ₹130-155 entry.,ADANIPOWER_qv_report.html,2026-04-14
ADBE,Adobe Inc.,NASDAQ,195.16,C,WATCH★★★★,4,B+,A-,A,B,🟢 WIDENER,58,3,Forming,0,5-7yr,~$353,$220–240,"World-class creative/document SaaS; 88% GM, $10B+ FCF, $25B ARR; priced at 9x fwd PE on AI existential fears; moat intact for enterprise; CEO transition the key near-term risk",ADBE_qv_report.html,2026-04-14
AEQUS,Aequs Limited,NSE,221.7,D,WATCH★★★,3,B-,D+,C,C+,⚪ NEUTRAL,20,1,Cosmetic,0,3-5yr,₹182,₹142–155,India's only vertically integrated aerospace SEZ manufacturer; IPO base breakout; $814M order book; PAT positive FY27E target,AEQUS_qv_report.html,2026-04-18
AFCONS,Afcons Infrastructure Ltd,NSE,314.5,C,AVOID,0,B-,C-,D+,C+,⚪ NEUTRAL,18,4,Cosmetic,0,N/A,₹121 (governance-adj base),N/A,Pledge 53.5% + SPCPL 100% encumbered + FCF −₹470Cr + EBIT cov 1.45x = unconditional AVOID; technically excellent EPC trapped in leveraged parent structure,AFCONS_qv_report.html,2026-04-15
AMAGI,Amagi Media Labs Ltd,NSE,483.9,F,WATCH★★★★,4,B+,B,B-,B+,🟢 WIDENER,72,3,Forming,3,5-7yr,₹802-922,₹350-390,India's only pure-play cloud-native FAST+CTV SaaS platform; FY26 first full-year profit; R40 crossing 40 triggers Cat F entry signal; AI WIDENER via proprietary ad+viewer data flywheel forming.,AMAGI_qv_report.html,2026-05-20
AMD,Advanced Micro Devices,NASDAQ,537.37,B,WATCH★★★,3,B+,B+,C+,A-,🟢 WIDENER,78,3,Forming,3,5-7yr,$334,$267–$340,The only scaled NVIDIA alternative — EPYC + Instinct + Helios captures the AI infra supercycle; Meta 6GW deal + agentic AI CPU TAM revision to $120B = multi-year compounding.,AMD_qv_report.html,2026-05-11
AMZN,Amazon.com,NASDAQ,244.39,B,WATCH★★★★,4,A-,B+,C+,A-,🟢 WIDENER,82,3,Confirmed,0,5-7yr,$225,$195-225,AWS-led AI infrastructure compounder with confirmed data flywheel; near-term FCF compressed by $125B+ capex supercycle but long-duration compounding power intact,amzn_qv_report.html,2026-06-02
ANANDRATHI,Anand Rathi Wealth Limited,NSE,1885,B,WATCH★★★,3,B+,A-,D+,B+,🟢 WIDENER,52,3,Forming,2,7-10yr,"₹1,806 (AI-adjusted)","₹1,850–2,100","India wealth mgmt secular play; ROIC 56%, AUM ₹99,008Cr; but trading 1.69× base IV at ₹3,060 — buy on correction to ₹1,850–2,100",ANANDRATHI_qv_report.html,2026-04-08
ANANTRAJ,Anant Raj Limited,NSE,522.4,B,WATCH★★★★,4,B+,B-,C+,B,🟢 WIDENER,78,3,Forming,0,5-7yr,₹490,₹400–440,"Real estate cash-flow funds $2.1B data center transformation; 320 acres debt-free NCR land = India's scarcest DC input; Level 1 AI infrastructure — WATCH at ₹504, BUY at ₹400–440",ANANTRAJ_qv_report.html,2026-04-16
ANET,Arista Networks,NYSE,169.67,B,WATCH★★★★,4,A,A,C+,A-,🟢 WIDENER,88,3,Confirmed,0,5-7yr,$120-135,$100-115,"EOS software moat + AI networking WIDENER — hyperscaler-grade switching costs, 64% gross margins, zero debt, $12.35B net cash; accumulate at $100-115.",ANET_qv_report.html,2026-05-19
ANGELONE,Angel One Limited,NSE,353.2,B,WATCH★★★★,4,B+,B+,C+,B,🟢 WIDENER,74,3,Forming,0,7-10yr,₹290,₹220–250,"India's largest listed broker pivoting to full-stack fintech; 37M clients + ARQ Prime AI flywheel forming; SEBI F&O reform creating FY26 trough — recovery in FY27 as annuity revenues (wealth, credit, MF) cross 50% of income",ANGELONE_qv_report.html,2026-04-15
ANTHEM,Anthem Biosciences Ltd,NSE,788.05,B,WATCH★★★★,4,A-,B+,C+,A-,⚪ NEUTRAL,52,2,Cosmetic,0,5-7yr,₹518,₹450–520,"India's deepest-moated CRDMO — 6x fermentation capacity, FDA/EMA/WHO approvals, GLP-1/ADC/China+1 tailwinds, ROCE 30.4%; exceptional business at stretched 72.6x P/E — wait for ₹450–520 entry zone.",ANTHEM_qv_report.html,2026-05-29
ARMANFIN,Arman Financial Services Limited,NSE,1698,C,WATCH★★★,3,B-,C+,C+,B-,⚪ NEUTRAL,38,2,Feature,0,5-7yr,"₹1,272","₹1,100–1,200","MFI stress trough; MSME standalone growing 25%; price above MoS; watch for ₹1,100–1,200 entry",ARMANFIN_qv_report.html,2026-04-27
ARSSBL,Anand Rathi Share & Stock Brokers,NSE,558,C,WATCH★★,2,B-,C+,D+,C+,⚪ NEUTRAL,28,2,Cosmetic,0,5-7yr,₹640-680,₹490–570,Full-svc broker; forensic audit + negative ERP block BUY; wait for ₹183-220 + clean audit,ARSSBL_qv_report.html,2026-04-15
ASML,ASML Holdings N.V.,NASDAQ,1929.68,C,WATCH★★★★,4,A+,A,B-,A,🟢 WIDENER,75,3,Forming,0,7-10yr,"$1,050","$1,050–$1,200","EUV monopoly; sole AI hardware infrastructure enabler; 100% market share; entry $1,050–1,200 with 30% MoS to base IV",ASML_qv_report.html,2026-04-14
ATHERENERG,Ather Energy Ltd,NSE,973,B,WATCH★★★,3,B-,C+,C+,B+,🟢 WIDENER,62,2,Forming,0,5-7yr,₹960,₹700–800,Software-defined EV; EBITDA −3% converging to zero; AtherStack 91% attach; road data flywheel forming; 3× IPO but MoS thin at ₹911,ATHERENERG_qv_report.html,2026-04-13
AXON,Axon Enterprise Inc.,NASDAQ,423.4,B,WATCH★★★★,4,A-,B+,B+,A-,🟢 WIDENER,78,2,Forming,1,5-7yr,$412,$310-345,Public safety OS; $14.4B backlog + AI flywheel forming; 56% off ATH at compelling re-entry,AXON_qv_report.html,2026-05-08
AYE,Aye Finance Ltd,NSE,164.55,B,WATCH★★★★,4,B+,B,B+,B,🟢 WIDENER,66,2,Forming,1,5-7yr,₹197,₹130-145,IPO base breakout on PAT +111% YoY; AI cluster credit moat forming; 5 consecutive quarters of declining credit costs signal credit cycle inflection,AYE_qv_report.html,2026-04-28
BAJAJHFL,Bajaj Housing Finance,NSE,88.69,B,WATCH★★★,3,B+,B+,C+,B+,🟢 WIDENER,58,3,Forming,1,5-7yr,₹120,₹65-75,Elite HFC at 60% drawdown; ROE expansion 13%→17-19% as CAR normalises; RSI 22 capitulation; GNPA 0.27% sector best,bajajhfl_qv_report.html,2026-03-01
BANDHANBNK,Bandhan Bank,NSE,207.9,D,WATCH★★★,3,B-,C+,B,C+,🟢 WIDENER,45,3,Forming,1,5-7yr,₹200,₹140-147,Turnaround at 1.0x book; promoter overhang (Bandhan 2.0 executing); RBI-approved institutional buyers,bandhanbnk_qv_report.html,2026-03-01
BBOX,Black Box Limited,NSE,1023.7,D,WATCH★★★,3,B-,C+,D+,B-,🟢 WIDENER,58,3,Feature,0,5-7yr,₹500,₹350-385,AI DC tailwind; 51× P/E; await FCF proof & price correction to ₹350-385,BBOX_qv_report.html,2026-05-07
BCLIND,BCL Industries Ltd,NSE,37.3,C,WATCH★★★,3,C,C+,B,C+,⚪ NEUTRAL,35,0,Cosmetic,1,3-5yr,₹45,₹22–25,"E20 ethanol tailwind + FCF recovery thesis post 700KLPD expansion; cheap at P/E 7x P/B 0.96x but ROIC<WACC, rising debt, earnings quality SUSPECT — not quality enough yet",BCLIND_qv_report.html,2026-04-07
BELRISE,Belrise Industries Limited,NSE,240.24,C,WATCH★★★,3,B-,B-,B-,B,⚪ NEUTRAL,22,1,Cosmetic,0,3-5yr,₹200,₹140–165,Auto ancillary IPO; IPO debt-free pivot + EPS-accretive merger (8.3× PE) + nascent aerospace/defence optionality; ROIC at threshold improving,belrise_qv_report.html,2026-04-08
BHARTIARTL,Bharti Airtel Ltd,NSE,1906.9,C,WATCH★★★★,4,B+,B,B,A-,🟢 WIDENER,74,3,Forming,0,7-10yr,"₹2,300","₹1,650–1,840",India's AI infrastructure compounder — Nxtra data centres + ARPU expansion + duopoly pricing = multi-decade compounding with AI WIDENER uplift,BHARTIARTL_qv_report.html,2026-04-22
BLS,BLS International Services Ltd,NSE,269,C,WATCH★★★★,4,B+,B+,B+,B+,⚪ NEUTRAL,45,3,Cosmetic,2,3-5yr,₹388,₹264-280,Tech-enabled govt outsourcing monopoly in global visa services; 34% ROIC compounder at compelling 17x forward PE post-35% correction from ATH,bls_qv_report.html,2026-05-18
BSE,BSE Limited,NSE,4024.8,C,WATCH★★★,3,B+,B+,C+,B,🟢 WIDENER,67,3,Forming,0,7-10yr,"₹3,290","₹2,800–3,200",Regulated exchange duopoly on India's capital market deepening story; AI surveillance widening moat; StAR MF flywheel forming at 281M investors — exceptional business at all-time high with zero margin of safety,BSE_qv_report.html,2026-05-10
CCJ,Cameco Corporation,NYSE,106.49,C,WATCH★★★★,4,A-,B+,C+,A-,🟢 WIDENER,60,2,Cosmetic,0,7-10yr,$87,$82-95,World's best uranium reserves + 49% Westinghouse AP1000 stake; AI power demand structurally widens uranium TAM; await $82-95 for entry.,CCJ_qv_report.html,2026-06-12
CDSL,Central Depository Services (India) Limited,NSE,1370.30,C,PASS,0,A-,B+,D+,B+,NEUTRAL,56,2,Feature,0,7-10yr,₹503,₹352–₹403,"Regulated MII duopoly with genuine moat (A-) and pristine balance sheet, but trading 172% above blended owner-earnings IV amid live SEBI fee-cut headwinds and 3-quarter profit decline. Great business, no margin of safety.",CDSL_qv_report.html,2026-06-21
CEG,Constellation Energy Corporation,NASDAQ,274.06,C,WATCH★★★★,4,A-,B+,B,B+,🟢 WIDENER,72,4,Feature,0,5-7yr,$327-352,$255-272,America's largest nuclear fleet — sole 24/7 carbon-free + dispatchable power provider for AI hyperscalers; irreplaceable nuclear scarcity moat approaching MoS entry zone.,CEG_qv_report.html,2026-06-05
CLEAN,Clean Science and Technology Ltd,NSE,786.95,C,WATCH★★★,3,A-,B+,B+,A-,⚪ NEUTRAL,28,1,Cosmetic,0,5-7yr,₹721,₹580–650,"Global #1 green catalytic chemistry compounder; ROIC dilution from capex cycle, not moat erosion; HALS + new products ramp in FY27-28 drives re-rating to ₹1,050+",CLEAN_qv_report.html,2026-04-23
CLEANMAX,CleanMax Enviro Energy Solutions,NSE,1372,C,WATCH,4,B+,B−,C+,B+,🟢 WIDENER,58,2,Forming,0,7-10yr,980,883,"CleanMax is a high-quality infrastructure compounder with exceptional revenue visibility (22.85-year PPAs), a powerful AI demand tailwind (42% DC/AI clients), and strong management (McKinsey pedigree + Brookfield governance). However, at CMP ₹1,120, the stock trades 27% above our base entry zone of ₹883. The thin profitability (PAT ₹86 Cr on ₹1,913 Cr revenue), high leverage (Net Debt/EBITDA 4.75x), and very high P/E (~154x) demand patience. The company is in a heavy investment phase — as capacity ramps and interest costs moderate post-deleveraging, earnings should accelerate significantly.",CLEANMAX_qv_report.html,2026-05-23
CMPDI,Central Mine Planning & Design Institute Ltd,NSE,251.48,C,WATCH★★★★,4,B+,A-,B+,B,⚪ NEUTRAL,43,1,Cosmetic,0,3-5yr,₹235,₹155-170,Knowledge monopolist — 61% mining consultancy market share; 50yr geological data moat; critical minerals pivot; IPO base breakout at ₹172,CMPDI_qv_report.html,2026-04-18
COFORGE,Coforge Limited,NSE,1468,C,WATCH★★★★,4,B-,B,B,B+,⚪ NEUTRAL,42,2,Cosmetic,2,3-5yr,"₹1,632","₹1,050–₹1,150","Fastest-growing mid-tier Indian IT; FY26 PAT +91.6%; margin inflection; $1.75B order book; wait for ₹1,050–1,150 entry.",coforge_qv_report.html,2026-05-10
CPPLUS,Aditya Infotech Ltd (CP Plus),NSE,3649,B,WATCH★★★★,4,B+,B,C+,B+,🟢 WIDENER,68,3,Forming,1,5-7yr,"₹1,518","₹1,500–1,600",India's #1 surveillance brand; STQC regulatory moat excludes Chinese brands from govt tenders; AI cameras via L&T+Qualcomm partnerships; 20% sector CAGR; rich valuation at ATH — wait for 20% correction,CPPLUS_qv_report.html,2026-04-17
CRM,"Salesforce, Inc.",NYSE,151.78,C,WATCH★★★,3,B+,B,B,B+,🟢 WIDENER,79,3,Forming,0,7-10yr,$261,$160-185,Agentforce flywheel forming; $14.4B FCF (+16%); $50B buyback floor; 31% discount to base IV; Phase 2→3 transition in enterprise AI agents,CRM_qv_report.html,2026-04-21
CRWD,CrowdStrike Holdings Inc.,NASDAQ,684.86,F,WATCH★★★★,4,A-,B+,C+,A-,🟢 WIDENER,82,3,Confirmed,0,5-7yr,$416,$315–355,Cat F AI-native cybersecurity; 1T events/day data flywheel CONFIRMED; $5.25B ARR +24%; R40=47; no MoS at $448; entry $315-355,CRWD_qv_report.html,2026-04-26
CRWV,CoreWeave Inc.,NASDAQ,117.95,F,WATCH★★★★,4,B+,C+,B-,B-,🌀 AI CORE,72,3,Forming,2,5-7yr,$157,$85-100,Fastest cloud to $5B revenue; $66.8B backlog; NVIDIA preferred altscaler powering AI era infrastructure buildout. Watches concentration & execution risk.,CRWV_qv_report.html,2026-04-17
CUMMINSIND,Cummins India Ltd.,NSE,5860.5,C,WATCH★★★,3,A-,A-,D+,B+,🟢 WIDENER,65,3,Cosmetic,2,5-7yr,"~₹2,800","₹2,500–₹2,800",Level 1 AI infra play (data-centre power); excellent business; 60% above fair value at current price; negative ERP −5.2%,CUMMINSIND_qv_report.html,2026-04-10
CYIENT,Cyient Limited,NSE,859.8,C,WATCH★★★,3,B+,B-,B,B+,⚪ NEUTRAL,34,2,Cosmetic,0,3-5yr,"₹1,239 (DCF) / ₹1,064 (Blended)",₹720–870,"Domain ER&D moat at EPV floor; buyback at ₹1,125 signals mgmt conviction; needs 2Q margin recovery proof before BUY",CYIENT_qv_report.html,2026-04-29
DATAPATTNS,Data Patterns (India) Ltd,NSE,4818,C,WATCH★★★★,4,A-,B+,D+,B+,🟢 WIDENER,66,2,Forming,0,5-7yr,"₹2,050","₹1,900–2,300","India's premier defense electronics prime — AI WIDENER, forming flywheel; ATH price ₹4,077 = 100%+ premium to base IV ₹2,050; zero MoS; watch for ₹1,900–2,300 entry",DATAPATTNS_qv_report.html,2026-04-29
DIXON,Dixon Technologies (India) Ltd,NSE,12571,B,WATCH★★★,3,B+,B,C+,B+,⚪ NEUTRAL,50,2,Cosmetic,0,5-7yr,"₹10,927","₹8,500–9,500","India's EMS champion; priced at intrinsic value; PLI transition risk; China+1 tailwind; entry ₹8,500–9,500",DIXON_qv_report.html,2026-04-21
DUOL,Duolingo Inc.,NASDAQ,125.56,F,WATCH★★★★,4,B+,A,A-,B,🌀 AI CORE,68,3,Forming,0,5-7yr,$210–265,$85–100,AI CORE language leader; R40=77; 73% GM; $1.1B cash; flywheel forming; 80% below ATH,DUOL_qv_report.html,2026-05-08
E2E,E2E Networks Limited,India / NSE,426,F — AI-Native Emerging Leader,WATCH,★★,B-,C+,C-,B-,"🟢 WIDENER (mild, utilisation-led)",60/100,2→3,FORMING,1/5,3-5 years,₹267,₹200–₹215,"NVIDIA-backed, L&T-validated (~21% stake) Indian GPU neocloud riding a 50%+ CAGR sector tailwind and India's data-residency laws, but FY26 closed at a net loss on its own capex depreciation, ROE/ROCE are negative, promoter holding has nearly halved on dilution, and CMP already discounts close to our Acceleration-case scenario rather than Base case — real business, rich price.",E2E_qv_report.html,2026-06-21
ECLERX,eClerx Services Ltd.,NSE,1427,C,WATCH★★★★,4,B+,B+,B,B+,🟢 WIDENER,72,3,Forming,1,7-10yr,"₹2,050","₹1,450–1,740","Domain-depth KPO with irreplaceable client embedment and proprietary data assets, now leveraging Agentic AI to deepen its moat — available at a 33% discount to intrinsic value after a 38% stock correction.",ECLERX_qv_report.html,2026-05-25
EMMVEE,Emmvee Photovoltaic Power Ltd,NSE,332.75,B,BUY,5,B+,ACCEPTABLE,A,A-,NEUTRAL,25,0,COSMETIC,0,7-10yr,₹490,₹392,"High-growth integrated solar PV manufacturer riding India policy supercycle (BCD/ALMM/PLI). 116% revenue growth, 36.5% ROIC, 16.9x PE vs 30x+ peers. 9.4 GW order book, 80% promoter (0% pledge), net cash.",EMMVEE_qv_report.html,2026-05-23
FRACTAL,Fractal Analytics Limited,NSE,968,F,WATCH★★★,3,B+,B,B+,A-,🌀 AI CORE,65,2,Forming,2,5-7yr,"₹1,235",₹800–875,India's only listed pure-play enterprise AI —,FRACTAL_qv_report.html,2026-04-25
FTNT,Fortinet Inc,NASDAQ,144.73,C,WATCH★★★★,4,B+,A-,C+,A-,🟢 WIDENER,72,3,Forming,3,5-7yr,$77–84,$58–65,FortiASIC moat + forming AI flywheel (5.6M sensors); price near base IV — wait for 30% MoS entry at $58–65,FTNT_qv_report.html,2026-04-26
GEMAROMA,Gemaroma,NSE,176.75,B,WATCH★★★,3,B-,B,A-,B+,⚪ NEUTRAL,22,2,Feature,1,5-7yr,₹315,₹130-165,Specialty chemicals; Dahej greenfield inflection (₹270 Cr); 52% below IPO price; promoters buying aggressively,GEMAROMA_buffett_analysis.html,2026-03-01
GEV,GE Vernova LLC,NYSE,1109.73,C,WATCH★★★★,4,B+,B+,C+,B+,🟢 WIDENER,80,3,Cosmetic,0,3-5yr,"~$1,037 (AI-adj)",$850–940,AI data center electricity supercycle — gas turbines + grid electrification = picks & shovels of the AI era; $163B backlog growing to $200B by 2027,GEV_qv_report.html,2026-04-22
GOOGL,Alphabet Inc.,NASDAQ,368.03,C,WATCH★★★★,4,A,A,C+,B+,🟢 WIDENER,88,3,Confirmed,2,7-10yr,$390,$312-332,Full-stack AI leader; Cloud 63% growth; Gemini data flywheel confirmed; price at base IV — wait for 15–20% correction,GOOGL_qv_report.html,2026-05-03
GVT&D,GE Vernova T&D India Limited,NSE,5485,C,WATCH★★★,3,B+,A-,C-,B+,🟢 WIDENER,62,3,Feature,0,7-10yr,"₹2,256","₹1,800–₹2,600","India's grid backbone builder backed by GEV global tech, riding ₹9T T&D supercycle — exceptional business, priced for perfection at 107x",GVT&D_qv_report.html,2026-04-24
HBLENGINE,HBL Engineering Limited,NSE,815.95,C,WATCH★★★★,4,B+,B,B-,A-,⚪ NEUTRAL,35,2,Cosmetic,0,3-5yr,₹765,₹612–650,"India's quasi-monopoly Kavach ATP provider + debt-free global #2 Ni-Cad battery maker; trading at fair value, enter at ₹612–650 with 20% MoS",hblengine_qv_report.html,2026-05-27
HCLTECH,HCL Technologies Limited,NSE,1166.80,C,WATCH★★,2,B+,B+,C+,A-,🔴 THREAT,40,3,Feature,0,5-7yr,"₹1,013",₹710–₹760,Debt-free 35%+ ROIC IT compounder; 5-method valuation (DCF/OE-Cap/EPV/P/E/EY) puts Base IV ~1013 below current price 1167 -- not yet at MoS entry zone 710-760. AI deflation real.,HCLTECH_qv_report.html,2026-06-21
HDBFS,HDB Financial Services,NSE,719.7,C,WATCH★★★★,4,B+,B,B,B+,🟢 WIDENER,52,3,Forming,0,5-7yr,₹847,₹555-620,HDFC Bank-parented NBFC; NIM recovering to 8%+; credit cycle peaking; FINAI AI roadmap initiated; 22M customers in underbanked tier-3/4 India; rate cycle tailwind structural,HDBFS_qv_report.html,2026-04-16
HDFCBANK,HDFC Bank Limited,NSE,781,C,WATCH★★★★,4,A-,B+,B+,B+,🟢 WIDENER,82,3,Forming,0,7-10yr,₹998,₹750–825,Post-merger NIM compression trough; ROA recovering 1.94%; AI fraud flywheel forming on 50M+ monthly txns; P/B 2.28x vs justified 2.5–3.1x,HDFCBANK_qv_report.html,2026-04-19
HOOD,Robinhood Markets,NASDAQ,108.15,B,WATCH★★★★,4,B,A-,B,B+,🟢 WIDENER,67,3,Forming,2,5-7yr,$82,$60-65,"Commission-free fintech superapp with AI-driven Gold/Cortex ecosystem, 83% gross margin, $1.62B FCF; crypto cyclicality is key risk; entry below $65",HOOD_qv_report.html,2026-04-14
ICICIAMC,ICICI Prudential Asset Management Co Ltd,NSE,3525,C,WATCH★★★★,4,B+,A,C+,B+,🟢 WIDENER,63,3,Feature,0,7-10yr,"₹3,078","₹2,800–3,000",India financialisation toll-booth; largest active equity AMC; IPO position holder at ₹2165 — exit strategy framework in report,ICICIAMC_qv_report.html,2026-04-21
IEX,Indian Energy Exchange,NSE,123.2,C,WATCH★★★,3,B+,A-,B-,B,⚪ NEUTRAL,53,2,Cosmetic,0,5-7yr,₹143,₹105–115,Exchange monopoly ROIC >178%; market coupling = binary regulatory risk; entry ₹105-115; RTM +41% YoY structural growth,IEX_qv_report.html,2026-04-07
IGIL,International Gemological Institute (India) Limited,NSE,356.1,C,WATCH★★★,3,B+,B+,C+,B,⚪ NEUTRAL,28,3,Cosmetic,0,7-10yr,~₹387,₹295–340,"World's largest diamond/LGD certification oligopoly; 60%+ OPM, 94% FCF conversion, 54% ROCE; PE promoter exit risk; fairly priced — buy on correction to ₹295-340",IGIL_qv_report.html,2026-04-17
INDIGOPNTS,Indigo Paints,NSE,1020.95,C,WATCH★★★,3,B+,B+,C+,B+,⚪ NEUTRAL,34,4,Cosmetic,0,5-7yr,₹640,₹544–600,Category-creating challenger brand with genuine differentiation; Birla Opus disruption has stalled growth; buy only below ₹600 with 2-quarter growth recovery confirmation,INDIGOPNTS_qv_report.html,2026-04-09
INFY,Infosys Limited,NSE,1054.2,C,WATCH★★★,3,B,A-,C+,B+,🔴 THREAT,42,2,Feature,2,3-5yr,₹947,₹820–900,AI THREAT incumbent: record FCF & clean quality vs structural ADM deflation; buy only at ₹820–900 when ERP turns positive,INFY_qv_report.html,2026-05-11
IONEXCHANG,Ion Exchange (India) Limited,NSE,370,C,WATCH,3,B-,C,C-,B-,⚪ NEUTRAL,30,2,Feature,0,7-10yr,₹262,₹170–₹220,"Pioneer in India water & environment management (EPC + Chemicals + Consumer). Structural tailwind from Jal Jeevan Mission, AMRUT 2.0, ZLD mandates. FY26 margin collapse (EBITDA 7.2%) due to Roha plant ramp + GCC disruption. WATCH: Price ₹370 = 41% premium to base IV ₹262. Enter at ₹170-220 or on confirmed margin recovery (EBITDA >9.5% for 2 quarters).",IONEXCHANG_qv_report.html,2026-06-22
IONQ,IonQ,NASDAQ,56.55,F,WATCH★★,2,B-,D+,D,B-,⚪ NEUTRAL,28,1,Cosmetic,0,5-7yr,N/A,$15-17,Quantum not AI; no flywheel; R40 = -51; upgraded from PASS on commercial revenue crossing $100M; speculative optionality only,IonQ_buffett_analysis_v5.html,2026-03-01
IREN,Iris Energy Limited,NASDAQ,59.96,B,WATCH★★★★,4,B+,B-,C+,A-,🟢 WIDENER,50,2,Cosmetic,1,3-5yr,$70-78,$52-62,Converting power scarcity and anchor contracts ($13.1B MSFT+NVIDIA) into a multi-decade AI infrastructure moat at Level 1 of the AI value chain.,IREN_qv_report.html,2026-06-05
ITC,ITC Limited,NSE,293.9,C,WATCH★★★,3,A-,B+,B+,B+,⚪ NEUTRAL,32,2,Cosmetic,1,5-7yr,₹329,₹280,Cigarette monopoly; Feb 2026 excise shock; 80% market share intact; ₹280 = formal BUY trigger,ITC_buffett_analysis.html,2026-03-01
JARO,Jaro Institute of Technology Management and Research Ltd,NSE,519,B,WATCH★★★,3,B,B-,B+,B,⚪ NEUTRAL,38,3,Forming,1,5-7yr,₹676,₹375–420,India's only profitable self-funded EdTech with IIT/IIM exclusives; 50% IPO discount creates opportunity IF negative OCF reverses and growth reaccelerates to 25%+,JARO_qv_report.html,2026-04-19
JAYBARMARU,Jay Bharat Maruti Limited,NSE,169.85,C,WATCH★★★★,4,B-,C+,B-,B,⚪ NEUTRAL,22,1,Cosmetic,1,3-5yr,₹147,₹115–130,Captive MSIL JV BIW supplier; OPM inflecting 7%→11%; ROCE recovering to 16.4%; normalized P/E 14.3x; await OPM sustainability confirmation,JAYBARMARU_qv_report.html,2026-06-16
JIOFIN,Jio Financial Services Limited,NSE,244.56,B,WATCH★★★,3,B+,B-,C+,B,🟢 WIDENER,62,2,Forming,0,5-7yr,₹199/sh (blended SOTP),₹185–210,India's most ambitious fintech ecosystem; BlackRock+Allianz JVs; AI-native JioFinance app; data flywheel forming on 450M Jio subscribers,JIOFIN_qv_report.html,2026-04-11
JMFINANCIL,JM Financial Ltd,NSE,126.7,C,WATCH★★★,3,B,C+,B+,B,⚪ NEUTRAL,30,3,Cosmetic,0,5-7yr,₹165,₹115–130,India #1 ECM franchise; ROE recovery from 9%→15% = BUY trigger; fee-income pivot in progress,JMFINANCL_qv_report.html,2026-04-28
JSLL,Jeena Sikho Lifecare Limited,NSE,557.15,C,WATCH★★★,3,B-,C+,D+,B-,⚪ NEUTRAL,42,1,Cosmetic,0,5-7yr,₹407,₹310–380,"India's largest clinical Ayurveda network — explosive ROIC and FY26 earnings inflection, held back by SUSPECT earnings quality and price 2x above base IV.",JSLL_qv_report.html,2026-05-18
KEI,KEI Industries Ltd,NSE,5630,C,WATCH★★★,3,B,B-,C,B+,⚪ NEUTRAL,46,4,Cosmetic,0,5-7yr,"₹3,800","₹3,200-3,600","India #2 cable maker riding infra+data centre supercycle; negative ERP −4.96% demands patience; entry ₹3,200-3,600",KEI_qv_report.html,2026-04-20
LLY,Eli Lilly and Company,NYSE,1098,B,WATCH★★★★,4,A-,A,B,A-,🟢 WIDENER,72,3,FORMING,3,7-10yr,$982,$786–$972,"Dominant GLP-1 franchise (Mounjaro/Zepbound) driving 45%+ revenue CAGR; oral GLP-1 (orforglipron, FDA filing submitted) unlocks 5-10x patient TAM expansion; NVIDIA TuneLab + Insilico Medicine ($2.75B) confirm AI WIDENER; one 15-20% pullback to $920-$972 converts WATCH to BUY.",LLY_qv_report.html,2026-06-23
LT,Larsen & Toubro Ltd,NSE,4210,C,WATCH★★★★,4,B+,B+,B-,A-,🟢 WIDENER,70,2,Forming,2,7-10yr,"₹4,010","₹3,600–3,700","India infra mega-cycle proxy; record ₹5.8L Cr order book; AI WIDENER via LTTS Engineering Intelligence; BUY at ₹3,600–3,700 (200-DMA zone)",LT_qv_report.html,2026-04-22
LTM,LTM Limited (formerly LTIMindtree),NSE,3840,C,WATCH★★★,3,B+,B+,C+,B+,🔴 THREAT,42,2,Forming,1,3-5yr,"₹4,324","₹2,900–3,200","Mature IT compounder pivoting to AI via BlueVerse; AI deflation threat compresses entry to ₹2,900–3,200; await flywheel confirmation",LTM_qv_report.html,2026-05-26
MCX,Multi Commodity Exchange of India Ltd,NSE,2804.5,C,WATCH★★★★,4,B+,A-,D+,B+,🟢 WIDENER,71,2,Forming,1,7-10yr,"₹1,348","₹2,100-2,400",Near-monopoly commodity exchange with 95.9% market share; exceptional FY26 earnings on gold supercycle; wait for price normalisation to MoS entry zone,MCX_qv_report.html,2026-05-26
MELI,MercadoLibre,NASDAQ,1635.15,B,BUY★★★★★,5,A-,B+,A+,A-,🟢 WIDENER,78,3,Confirmed,4,5-7yr,"$2,300","$1,550-1,840",Latin America's dominant commerce+fintech flywheel; 49% revenue growth (fastest in 4 years); margin compression deliberate from credit provisioning not economic deterioration; NIMAL 36.2% intact; FCF yield 14%; buy at 40% drawdown from highs,MELI_qv_report.html,2026-05-11
META,"Meta Platforms, Inc.",NYSE,577.22,B,WATCH★★★★,4,A-,B+,B-,B,🟢 WIDENER,87,3,Confirmed,0,5-7yr,$808,$490-$520,Confirmed AI data flywheel on 3.54B DAP drives structural ad pricing power; CapEx cycle compresses FCF 2025-27 but builds durable moat distance,META_qv_report.html,2026-05-24
MRVL,"Marvell Technology, Inc.",NASDAQ,310.58,B,WATCH★★,2,B-,C+,D+,B,🟢 WIDENER,58,2,Feature,0,3-5yr,$67,$90-110,"Genuine multi-hyperscaler AI-silicon design-win franchise trading at ~4.6x blended intrinsic value ($67 Base) — quality real, price extreme; wait for $90-110 correction.",mrvl_qv_report.html,2026-06-17
MSFT,Microsoft,NASDAQ,379.4,C,WATCH★★★★,4,A-,A-,B+,A,🟢 WIDENER,74,3,Forming,2,7-10yr,$420,$340-365,Copilot flywheel forming; at 5yr cheapest valuation; RSI 27; Azure +39%; AI score 74/100,MSFT_buffett_analysis__1_.html,2026-03-01
MU,"Micron Technology, Inc.",NASDAQ,1133.99,B,WATCH★★★★,4,B+,A-,C+,A-,🟢 WIDENER,78,3,Forming,2,5-7yr,$387,$380-430,The sole US HBM architect entering the most profitable period in memory history — wait for the entry zone,MU_qv_report.html,2026-05-11
NAM-INDIA,Nippon Life India Asset Management,NSE,1187,C,WATCH★★★,3,A-,A-,C+,A,⚪ NEUTRAL,42,2,Cosmetic,2,5-7yr,₹749,₹600-680,India's #4 AMC riding the financialization megatrend — A-grade franchise at 46× P/E demands patience for entry near ₹600-680; blended base IV ₹749.,nami_qv_report.html,2026-06-01
NATCOPHARM,Natco Pharma Limited,NSE,889.4,C,WATCH★★★★,4,B-,B+,C+,B+,⚪ NEUTRAL,28,1,Cosmetic,0,7-10yr,"₹1,181","₹920–1,000","Post-Revlimid trough into semaglutide FTF ramp; fortress balance sheet; credible management; wait for MoS zone ₹920-1,000",NATCOPHARM_qv_report.html,2026-05-25
NBIS,Nebius Group N.V.,NASDAQ,286.69,F,WATCH★★★★,4,A-,B+,C+,B+,🌀 AI CORE,92,3,Forming,0,5-7yr,$163,$122–130,Best-positioned independent AI cloud hyperscaler; NVIDIA preferred access + owned DCs + $50B committed backlog; 684% YoY growth; watch for MoS entry at $122–130.,NBIS_qv_report.html,2026-05-18
NETWEB,Netweb Technologies India Ltd,NSE,5068,B,WATCH★★★,3,B,B+,D+,B+,🟢 WIDENER,68,2,Feature,0,3-5yr,"₹3,676","₹2,800–3,200",India's premier Make-in-India sovereign AI infrastructure OEM; above base IV with no MoS at current price,NETWEB_qv_report.html,2026-05-04
NFLX,Netflix Inc.,NASDAQ,77.38,C,WATCH★★★★,4,A,B+,C+,A-,🟢 WIDENER,88,4,Confirmed,2,7-10yr,$86 (AI-adjusted blended),$69-85 (ideal $73-85),AI data flywheel confirmed 9.2/10; margin 18%→29.5%→31.5%; $9.5B FCF; WATCH until $73-85 entry with 20% MoS,NFLX_qv_report.html,2026-04-18
NOW,ServiceNow Inc.,NYSE,95.04,C,WATCH★★★★,4,A-,A-,A,B+,🟢 WIDENER,78,3,Forming,0,3-5yr,$196,$82–100,"Enterprise AI workflow orchestration platform with 98% renewal rate, 22% growth and 35% FCF margin trading at 56% discount to base IV post-earnings selloff",NOW_qv_report.html,2026-04-24
NU,Nu Holdings Ltd. (Nubank),NYSE,12.71,B,WATCH★★★★,4,A-,A-,B+,A-,🟢 WIDENER,82,3,Confirmed,0,5-7yr,$21–23,$12–14,"World's largest digital bank (131M customers) with confirmed nuFormer data flywheel (3x credit decision quality), 33% ROE, sub-$1 cost-to-serve — LatAm fintech compounder at a reasonable but not deep-value price",NU_qv_report.html,2026-04-19
NUVAMA,Nuvama Wealth Management Ltd,NSE,1735,C,WATCH★★★,3,B+,B,D,C+,⚪ NEUTRAL,69,2,Forming,1,5-7yr,"₹1,392 (DCF) / ₹1,101 blended","₹1,100–₹1,250 (DCF MoS: ₹1,114)","Structural wealth mgmt compounder in India's HNI boom — blocked by 62.8% promoter pledge, FY26 PAT decel to 5.6%, and price 45% above blended IV",NUVAMA_qv_report.html,2026-05-12
NVDA,NVIDIA Corporation,NASDAQ,210.69,B,WATCH★★★★,4,A+,A,B,A-,🟢 WIDENER,84,3,Confirmed,0,5-7yr,$256,$175–200,CUDA data flywheel 10/10 — world's AI compute monopoly at entry zone; ROIC 114%; FCF $96.6B; watch for gross margin recovery and Vera Rubin ramp,NVDA_qv_report.html,2026-04-13
NVO,Novo Nordisk,NYSE,43.19,C,WATCH★★★★,4,A-,B+,A-,B+,🟢 WIDENER,65,3,Forming,2,5-7yr,$85,$44-49,GLP-1 trough year; 75% from peak; oral pill + AI pipeline; secular obesity tailwind; RSI 19 capitulation,novo_nordisk_buffett_analysis.html,2026-04-01
OKLO,Oklo Inc.,NYSE,61.17,D,WATCH★★★★,4,C+,B-,C,A-,🟢 WIDENER,71,1,Forming,0,5-7yr,$42-55,$31-41,"Only vertically integrated US fast-fission developer with 14 GW AI data center pipeline, DOE-authorized build underway at INL, and $2.54B cash — a structural AI power infrastructure play.",OKLO_qv_report.html,2026-06-05
ORCL,Oracle Corporation,NYSE,184.29,C,WATCH★★★★,4,B+,B-,B,A-,🟢 WIDENER,72,3,Forming,0,3-5yr,~$170,$120-155,AI infrastructure re-rating; $553B RPO + OCI 84% growth vs 56% price drawdown from ATH; FCF CapEx cycle investment at entry zone,ORCL_qv_report.html,2026-04-13
ORKLAINDIA,Orkla India Limited,NSE,620.95,C,WATCH★★★,3,B+,B-,C+,B,⚪ NEUTRAL,40,4,Cosmetic,1,3-5yr,₹446 (blended); P/E base ₹585,₹480–540,MTR+Eastern South India heritage moat; convenience foods growing 19%; OFS IPO + 32x PE limit conviction,ORKLAINDIA_qv_report.html,2026-04-18
PANW,"Palo Alto Networks, Inc.",NASDAQ,287.78,C,WATCH★★★,3,A-,A-,C-,B+,🟢 WIDENER,72,3,Forming,0,7-10yr,~$145,$130–155,Best-in-class AI cybersecurity platform; Unit 42 data flywheel forming 7.5/10; platformization lock-in deepening — negative ERP at $175 demands entry discipline at $130–155,PANW_qv_report.html,2026-04-26
PATH,UiPath Inc.,NYSE,10.27,C,WATCH★★★★,4,B+,B,A-,B-,🟢 WIDENER,75,2,Forming,1,5-7yr,$14-15,$9.50-11.00,Enterprise automation leader at 10.5x EV/FCF with 83% gross margins; agentic AI pivot + $1.69B net cash provide asymmetric upside vs cautious guidance risk,PATH_qv_report.html,2026-04-14
PL,Planet Labs,NYSE,28.23,F,WATCH★★★★,4,A,B+,B-,A-,🌀 AI CORE,76,3,Confirmed,2,5-7yr,N/A,$27-31,Petabyte Earth archive = permanent AI moat; flywheel CONFIRMED; R40=31→40 FY27 target; post-25% surge prevents entry,PlanetLabs_buffett_analysis_v5.html,2026-03-01
PLTR,Palantir Technologies,NASDAQ,128.47,F,WATCH★★★★,4,B+,A-,D+,B+,🌀 AI CORE,85,3,Forming,0,5-7yr,~$87,$85–100,AI OS with Ontology moat; R40=127; GM=81%; NDR=139%; FY26 +61% guided; entry ≤$100 (30× FY26 revenue),PLTR_qv_report.html,2026-04-10
POLYCAB,Polycab India Limited,NSE,10105,C,WATCH★★★★,4,B+,B+,D+,A-,⚪ NEUTRAL,28,0,Cosmetic,0,5-7yr,"₹5,600","₹5,200–₹5,700","India's #1 wires & cables compounder — ROCE 30%, zero debt, Project Spring; trading 42% above base IV at ₹7,967",POLYCAB_qv_report.html,2026-04-27
PVRINOX,PVR INOX Limited,NSE,948,D,WATCH★★★,3,C+,C,C+,B-,⚪ NEUTRAL,35,1,Cosmetic,2,5-7yr,"₹1,231",₹860-923,India's largest multiplex chain returns to profitability in FY26 (₹332.8 Cr PAT) after merger pains; watch for occupancy recovery and price correction to MoS zone before initiating.,PVRINOX_qv_report.html,2026-05-21
QCOM,QUALCOMM Incorporated,NASDAQ,215,C,WATCH★★★★,4,A-,A-,B+,A,🟢 WIDENER,66,2,FORMING,0,5-7yr,$225,$175-$195,Edge-to-cloud AI pivot; Dragonfly data-centre CPU+accelerators; $40B non-handset revenue target FY2029; Meta/Microsoft anchor DC customers; Modular acquisition adds software layer; automotive $65B design-win pipeline,QCOM_qv_report.html,2026-06-25
RAJESHEXPO,Rajesh Exports,NSE,97.51,E,AVOID,0,F,F,F,D-,⚪ NEUTRAL,5,0,Cosmetic,0,N/A,N/A,N/A,Gold commodity pass-through; ROE 0.61%; 9 governance red flags; -88% from ATH; Buffett framework does not apply,RajeshExports_buffett_analysis_v5.html,2026-03-01
RELIANCE,Reliance Industries Limited,NSE,1310,C,WATCH★★★,3,B,C+,C+,A-,🟢 WIDENER,74,2,Forming,2,5-7yr,"₹1,160","₹925–₹1,000","Real DCF/SOTP triangulation (incl. Jio IPO-anchored sum-of-parts) puts base IV at ~₹1,160 vs price ₹1,310 — quality story, but not yet a margin-of-safety entry.",RELIANCE_qv_report.html,2026-06-21
RKLB,Rocket Lab Corporation,NASDAQ,107.24,B,WATCH★★★★,4,B+,B-,C,B+,⚪ NEUTRAL,58,3,Feature,1,5-7yr,$48-56,$45-55,Only public vertically-integrated Western space company; Electron dominant; Neutron = binary catalyst; priced for perfection at $82.93 (52x fwd EV/Rev); wait for $45-55 entry,RKLB_qv_report.html,2026-04-19
RRKABEL,R R Kabel Ltd,NSE,2315,C,WATCHLIST,4,B+,CLEAN,D,A+,NEUTRAL,35,1,COSMETIC,1,7-10 years,1351.79,946.25,"Scale-advantaged cable manufacturer with top-3 brand recall, massive dealer grid, and robust capital productivity riding Indian infrastructure tailwinds, currently trading at a premium to base intrinsic value.",RRKABEL_qv_report.html,2026-05-23
SANGHVIMOV,Sanghvi Movers Limited,NSE / BSE India,415,C,WATCH ★★★★,4,B-,B-,B,B,⚪ NEUTRAL,38/100,N/A,COSMETIC,3/6,3-5 years,₹480,₹360–₹384,"India's largest crane rental co. (Asia #1, Global #5) riding the infra capex supercycle (NIP ₹111L Cr, 500GW renewables). Business model transitioning from pure crane rental to diversified lifting + Wind EPC (Sangreen) + KSA expansion under Elevate 2030. ROIC 16.7%, ROCE 16.7%, Revenue CAGR 33% (3yr). FCF negative due to aggressive growth capex (₹629 Cr FY26). EV/EBITDA 10.5x — attractive vs history. Narrow moat (fleet scale, depot network, operator expertise). WATCH at ₹415; BUY on correction to ₹360–384 (25% MoS from Base IV ₹480).",SANGHVIMOV_qv_report.html,2026-06-22
SENCO,Senco Gold Limited,NSE,340,C,WATCH★★★,3,B-,C+,B-,B,⚪ NEUTRAL,30,4,Cosmetic,1,5-7yr,~₹375,₹275–310,Organised jewellery formalisation play; Eastern India dominant brand; 11x P/E vs 40–70x peers; deep value if OCF improves,SENCO_qv_report.html,2026-04-22
SHADOWFAX,Shadowfax Technologies Ltd,NSE,222,B,WATCH★★★,3,B-,C+,D+,B-,🟢 WIDENER,58,2,Forming,0,3-5yr,₹155-175,₹130-155,India's fastest-growing 3PL; SF Maps data flywheel forming; operating leverage activating; zero MoS at ₹188,SHADOWFAX_qv_report.html,2026-05-20
SMCI,"Super Micro Computer, Inc.",NASDAQ,30.66,B,WATCH★★★,3,B-,C+,B-,C,🟢 WIDENER,44,2,Cosmetic,0,3-5yr,$38,$28–34,AI infrastructure pick-and-shovel; DLC leader with governance overhang; margin recovery to ≥11% GM is the binary thesis trigger,SMCI_qv_report.html,2026-05-30
SNOW,Snowflake Inc.,NYSE,232.29,C,WATCH★★★★,4,B+,B+,A-,B,🟢 WIDENER,63,3,Forming,0,5-7yr,$194,$120–155,AI Data Cloud pivot; Cortex 50% adoption; RPO $9.77B +42%; trading at 8.3x NTM EV/Rev — 40% discount to SaaS peers; class action overhang suppressing institutional accumulation,SNOW_qv_report.html,2026-04-16
SOFI,"SoFi Technologies, Inc.",NASDAQ,17.91,B,WATCH★★★,3,B,C+,C,C,⚪ NEUTRAL,38,3,Feature,0,5-7yr,$11–16,$10–13,Digital bank + Galileo B2B platform; bank charter is the moat; Muddy Waters accounting cloud (Mar 2026) prevents BUY — WATCH until restatement risk resolved,SOFI_qv_report.html,2026-04-14
SUPRIYA,Supriya Lifescience Ltd.,NSE,932,C,WATCH★★★,3,B+,B,C+,B,⚪ NEUTRAL,28,2,Cosmetic,2,5-7yr,₹635,₹500–520,"India's leading anti-histamine API exporter with USFDA/EDQM regulatory moat; China+1 tailwind; targeting ₹1,000 Cr FY27; near-debt-free; ₹603 Cr tax demand overhang limits entry conviction",SUPRIYA_qv_report.html,2026-04-17
SURYODAY,Suryoday Small Finance Bank Ltd,NSE,174.76,D,WATCH★★★,3,B-,C+,B,B-,⚪ NEUTRAL,36,3,Feature,0,3-5yr,₹185,₹95–115,Category D turnaround at 0.63x book; GNPA peaking (8.5%→6.5%); CGFMU sovereign cover on net NPA; deposit franchise +32% YoY; recovery to ROA 1.5% by FY28 = 2–3x from ₹95–115 entry,SURYODAY_qv_report.html,2026-04-13
SWSOLAR,Sterling & Wilson Renewable Energy Ltd,NSE,236.5,D,WATCH★★★,3,C+,C,B-,C+,⚪ NEUTRAL,28,0,Cosmetic,3,3-5yr,₹230,₹155–175,"Reliance-backed solar EPC turnaround; record ₹10,062 Cr FY26 order inflows; 500 GW India RE tailwind; margin normalisation to 5%+ is the gating condition",SWSOLAR_qv_report.html,2026-04-23
SYM,Symbotic Inc.,NASDAQ,41.68,B,WATCH★★★,,,,,,🟢 WIDENER,,,,,,,$40-44,,,2026-04-07
TATAPOWER,Tata Power Company Ltd,NSE / BSE India,402,D,WATCH,★★,C+,C-,C,B,WIDENER (mild),28,Phase 2 — Early grid-AI deployment,FEATURE (3/10),0/5,7-10 years (Level 5 incumbent),₹195-₹235,₹135-₹165,"India's largest integrated private power utility mid-pivot from coal to 70% renewable capacity by 2030. Real long-horizon growth thesis (23 GW TPREL target, data-centre demand tailwind, CRISIL AA+), but trailing ROIC ~10-11%, deeply negative FCF (-₹7,677 Cr FY26), fast-rising debt (₹76,141 Cr), and Q4 FY26 PAT miss mean the stock at ₹402 is pricing-in execution the company has not yet delivered. Wait for FCF inflection and/or meaningful price correction into MoS zone.",TATAPOWER_qv_report.html,2026-06-22
TCS,Tata Consultancy Services,NSE,2135.9,C,WATCH★★★,3,B+,A-,C+,A-,🔴 THREAT,36,2,Feature,0,3-5yr,"₹1,931","₹1,545–₹1,800","India's IT bellwether at decade-low P/E; strong FCF fortress but structural AI threat to headcount model; wait for ₹1,800 entry.",TCS_qv_report.html,2026-05-11
TIPSMUSIC,Tips Music Limited,NSE,650,B,WATCH★★★★,4,A-,A,C+,B+,🔴 THREAT,32,1,Cosmetic,0,5-7yr,₹565,₹480-520,India's streaming royalty perpetuity engine — 150K song catalogue monetising digital India; AI threat medium-term warrants MoS discipline,TIPSMUSIC_qv_report.html,2026-05-27
TRAVELFOOD,Travel Food Services Ltd,NSE,1351,C,WATCH★★★,3,B+,A-,B,B,⚪ NEUTRAL,28,4,Feature,1,5-7yr,"₹1,420","₹1,100–1,180",India's only listed airport F&B concessionaire; ROIC 42%; −427-day CCC; captive monopoly at 14 of 15 largest airports; blocked by CBI FIR governance overhang + 100% OFS IPO + Delhi T3 concession renewal risk,travelfood_qv_report.html,2026-04-14
TSLA,"Tesla, Inc.",NASDAQ,400.49,B,WATCH★★★★,4,A-,C+,C,B+,🟢 WIDENER,82,3,Confirmed,0,5-7yr,$196,$220-$270,FSD data flywheel confirmed (9B+ miles); Robotaxi Phase 3 inflection; but core ROIC<WACC and 83% premium to base IV — wait for $220-270 entry,TSLA_qv_report.html,2026-04-15
TSM,Taiwan Semiconductor Manufacturing Company (TSMC),NYSE,462.12,C,WATCH★★★★,4,A,A,B+,A-,🟢 WIDENER,90,3,Forming,3,7-10yr,$501,$320–$355 (ideal); $376–$401 (base zone),AI infrastructure monopoly — the only foundry at 3nm/2nm scale; Level 1 picks-and-shovels of the AI supercycle; watch for 200-DMA ($344) entry with 25-30% MoS,TSM_qv_report.html,2026-04-17
UJJIVANSFB,Ujjivan Small Finance Bank,NSE,57.32,D,WATCH★★★,3,B,B-,B-,B,🟢 WIDENER,62,3,Forming,0,7-10yr,~₹57,₹42–52,MFI valley play; secured pivot 43.5% AUM; data flywheel forming on 9.9M informal-sector borrowers; UBL license pending,UJJIVANSFB_qv_report.html,2026-04-13
UNH,UnitedHealth Group,NYSE,400.96,C,WATCH★★★★,4,A-,B-,B+,B-,⚪ NEUTRAL,5,2,Confirmed,2,3-5yr,$400–$465,$260–$310,"America's most powerful healthcare platform in operational crisis — moat intact, Hemsley returned, CMS rate tailwind. At 11-12x normalized EPS, recovery thesis credible if MCR normalizes to 84% by 2027.",unh_qv_report.html,2026-04-08
UTIAMC,UTI Asset Management Company Ltd,NSE,950,C,WATCH★★★,3,B,B-,B,B-,⚪ NEUTRAL,32,4,Feature,0,5-7yr,₹847,₹678–710,India's oldest AMC with 699-district distribution and pension mandates; market share recovery under new CEO Vetri Subramaniam is the pivotal catalyst; wait for ₹710 entry.,UTIAMC_qv_report.html,2026-04-25
VIKRAMSOLR,Vikram Solar Ltd,NSE,199.89,B,WATCH★★★★,4,B+,B,B+,B+,⚪ NEUTRAL,32,2,Forming,0,5-7yr,₹310,₹195–225,India RE scale-up; at MoS entry; cell commissioning (Dec'26) is BUY trigger,VIKRAMSOLR_qv_report.html,2026-05-10
VST,Vistra Corp,NYSE,163.75,C,WATCH★★★★,4,B+,B-,B+,B+,🟢 WIDENER,62,2,Cosmetic,0,5-7yr,$175-189,$132-151,Largest US competitive generator with irreplaceable nuclear fleet positioned as primary AI data-center power beneficiary via 20-year Meta/AWS PPAs; integrated generation-retail model creates structural hedge; -32% from ATH with FCF yield 8.5%,VST_qv_report.html,2026-06-12
WAAREEENER,Waaree Energies Ltd,NSE,3126.1,B,WATCH★★★,3,B+,B+,C+,B,⚪ NEUTRAL,32,2,Cosmetic,0,3-5yr,"₹3,400","₹2,400–2,700","India's largest solar module maker (26 GW); FY26 PAT +101%; US 126% CVD overhang (final July 6); Q4 margin compression to 18.6%; entry at ₹2,400–2,700",WAAREEENER_qv_report.html,2026-05-05
WAAREERTL,Waaree Renewable Technologies Ltd,NSE,986,B,WATCH★★★★,4,B+,A-,A,B+,🟢 WIDENER,62,2,Forming,2,5-7yr,"₹1,418","₹900–1,050","India's #1 solar EPC arm: 108% revenue growth, 62.5% ROCE, near-zero debt, 2.83 GWp backlog in India's 500GW supercycle — trading at stress IV floor with BESS+data centre optionality",WAAREERTL_qv_report.html,2026-05-26
WABAG,VA Tech Wabag Limited,NSE,2001.2,C,WATCH★★,2,B+,B-,C-,A-,⚪ NEUTRAL,44,2,Feature,0,5-7yr,₹1410,₹990-1100,"Asset-light global water-tech leader compounding ROCE and record order book, but price has run ~34% ahead of blended intrinsic value — quality story, poor entry point today.",WABAG_qv_report.html,2026-06-19
WEBELSOLAR,Websol Energy System Ltd,NSE,105.25,D,AVOID,0,C+,C+,B-,D+,⚪ NEUTRAL,15,1,Cosmetic,0,3-5yr,₹151 (blended base),₹113 (theoretical — pledge blocker active),ALMM-protected solar cell manufacturer; remarkable FY26 turnaround destroyed by 89.4% promoter pledging — hard AVOID until pledge resolved,WEBELSOLAR_qv_report.html,2026-05-26
WIPRO,Wipro Limited,NSE,180.5,C,WATCH★★★,3,B-,B-,C+,B,🔴 THREAT,32,2,Feature,1,7-10yr,₹197,₹150-165,"Decade-low P/E IT compounder facing structural AI disruption to its headcount model; zero-pledge insider buying (Premji +1.16%) and a ₹250 buyback support a WATCH, with BUY trigger at ₹150-165.",WIPRO_qv_report.html,2026-06-12
YATHARTH,Yatharth Hospital & Trauma Care Services,NSE,844,C,WATCH★★★,3,B-,C+,C,C+,🟢 WIDENER,52,2,Feature,0,5-7yr,"₹1,034",₹724–776,IT investigation substantially resolved; NCR hospital expansion compounding at 32% CAGR; AI diagnostics via 5C Network widening regional moat,YATHARTH_qv_report.html,2026-05-03
